{
  "model_name": "sshleifer/distilbart-cnn-6-6",
  "dataset": "abisee/cnn_dailymail",
  "config": "1.0.0",
  "split": "test",
  "sample_size": 50,
  "offset": 0,
  "batch_size": 2,
  "device": "cpu",
  "elapsed_seconds": 718.9519641000079,
  "examples_per_second": 0.06954567550641656,
  "average_latency_seconds": 14.373599714001758,
  "average_compression_ratio": 0.12188711576476048,
  "rouge1": 0.3467664340520693,
  "rouge2": 0.15470095034582465,
  "rougeL": 0.2583248547427236,
  "rougeLsum": 0.25907017811804656
}