id,model,rouge1,rouge2,rougeL,compression_ratio
sample-001,lead_2_baseline,0.41379310344827586,0.10714285714285714,0.3142530051516886,0.4305555555555556
sample-002,lead_2_baseline,0.4,0.08333333333333333,0.3734693877551021,0.5172413793103449
sample-003,lead_2_baseline,0.3773584905660377,0.1568627450980392,0.34790874524714827,0.4918032786885246
sample-004,lead_2_baseline,0.34782608695652173,0.13636363636363635,0.3091962346125996,0.43859649122807015
